{
  "F_anomaly_extraction": {
    "F_anomaly": 0.7816596480145923,
    "err": 0.0106123381232543,
    "chi2": 12.132512645391028,
    "dof": 4,
    "ratios": [
      0.544855657811172,
      0.7850953146347328,
      0.7038685613966906,
      0.7930896185508786,
      0.7969399187495569
    ]
  },
  "cross_estimators": {
    "F_naive": 0.85293612201859,
    "F_bayes_depolar": 0.8974044135754965,
    "F_bayes_amp_damp": 0.999945736068371
  },
  "iqm_prediction": {
    "F_garnet_naive": 0.9424871862591971,
    "F_garnet_anom_pred": 0.8637272865476916,
    "pred_pointer_garnet": 0.7884841017124116,
    "pred_pi0_garnet": -0.3964307307090802
  }
}