{
  "backend": "garnet",
  "g": 0.3,
  "shots": 8192,
  "qubits": "QB1,QB2",
  "theory": {
    "pointer": 0.9128854836391401,
    "p_post": 0.13127041376524431,
    "pi1_lim": 1.9978721562154624
  },
  "p_post": 0.1595458984375,
  "n_post": 1307,
  "pointer": 0.8071920428462127,
  "pointer_sigma": 0.016327768555058984,
  "wv_pi1": 1.4295630967907806,
  "wv_pi0": -0.42956309679078064,
  "wv_sigma_z": -1.8591261935815613,
  "wv_sigma": 0.02891700381107488,
  "neg_sigma": 14.855034760768088,
  "raw_counts": {
    "01": 4603,
    "00": 1181,
    "11": 2282,
    "10": 126
  },
  "transpiled_depth": 6,
  "transpiled_ops": {
    "r": 4,
    "cz": 2,
    "measure": 2
  },
  "timestamp": "2026-04-27T15:36:20.948464"
}