{
  "backend": "emerald",
  "g": 0.3,
  "shots": 8192,
  "qubits": "QB1,QB2",
  "theory": {
    "pointer": 0.9128854836391401,
    "p_post": 0.13127041376524431,
    "pi1_lim": 1.9978721562154624
  },
  "p_post": 0.1724853515625,
  "n_post": 1413,
  "pointer": 0.7636234961075725,
  "pointer_sigma": 0.017176473734712542,
  "wv_pi1": 1.3524017977537548,
  "wv_pi0": -0.3524017977537548,
  "wv_sigma_z": -1.7048035955075096,
  "wv_sigma": 0.03042008800973697,
  "neg_sigma": 11.584509474165781,
  "raw_counts": {
    "01": 4366,
    "00": 1246,
    "11": 2413,
    "10": 167
  },
  "transpiled_depth": 6,
  "transpiled_ops": {
    "r": 4,
    "cz": 2,
    "measure": 2
  },
  "timestamp": "2026-04-27T15:46:13.187609"
}