{
  "backend": "sirius",
  "depth": 8,
  "ops": {
    "r": 4,
    "move": 2,
    "cz": 2,
    "measure": 2
  },
  "p_post": 0.1571044921875,
  "n_post": 1287,
  "pointer": 0.7653457653457654,
  "wv_pi0": -0.3554519920259591,
  "wv_sigma": 0.031773588830622736,
  "raw_counts": {
    "01": 4627,
    "11": 2278,
    "00": 1136,
    "10": 151
  }
}