{
  "distance": 5,
  "rounds": 5,
  "noise_p": 0.015,
  "n_train": 20000,
  "n_test": 10000,
  "n_detectors": 120,
  "training_losses": [
    0.266970482053636,
    0.1771111939149567,
    0.1763284589293637,
    0.16945286076280136,
    0.16438994377474242,
    0.16506909145207344,
    0.161165720677074,
    0.16223084115529363,
    0.154515337717684,
    0.15441401161347765,
    0.15660899952997134,
    0.15535481255265732,
    0.15509772527066967,
    0.1505326434404035,
    0.1495812274044073,
    0.14914202539226676,
    0.1457707063306736,
    0.14881708435242688,
    0.14542344976452332,
    0.14522635578354703
  ],
  "mwpm_ler": 0.098,
  "diffusion_no_tau_ler": 0.3421,
  "diffusion_tau_ler": 0.3423,
  "train_time_s": 64.40559935569763,
  "epochs_trained": 20
}