{
  "experiment": "QEC Experiment 6: Syndrome-Based Decoder Health Monitor",
  "config": {
    "distance": 5,
    "rounds_per_sample": 5,
    "p_base": 0.005,
    "noise_ratio": 4.0,
    "fraction_noisy": 0.3,
    "total_rounds": 10000,
    "window_size": 500,
    "drift_round": 5000,
    "shots_per_window": 2000,
    "recal_threshold": 0.5,
    "seed": 2026
  },
  "results": {
    "window_rounds": [
      500,
      1000,
      1500,
      2000,
      2500,
      3000,
      3500,
      4000,
      4500,
      5000,
      5500,
      6000,
      6500,
      7000,
      7500,
      8000,
      8500,
      9000,
      9500,
      10000
    ],
    "delta_D_true": [
      0.0,
      0.0,
      0.0,
      0.0,
      0.0,
      0.0,
      0.0,
      0.0,
      0.0,
      0.0,
      1.1698316967368447,
      1.1698316967368447,
      1.1698316967368447,
      1.1698316967368447,
      1.1698316967368447,
      1.1698316967368447,
      1.1698316967368447,
      1.1698316967368447,
      1.1698316967368447,
      1.1698316967368447
    ],
    "delta_D_estimated": [
      0.16197315554022604,
      0.164724997414452,
      0.17716679335385432,
      0.1508221368126531,
      0.17954848585546174,
      0.1961221970427328,
      0.17346793867974591,
      0.1577078341839041,
      0.1448900994282551,
      0.15872961370337374,
      1.0520665466532602,
      1.0309537496746122,
      0.9884278361735594,
      1.0311939710568905,
      1.069927347928557,
      0.9965121876379824,
      1.0567583622587897,
      1.0143131984376146,
      1.080324376292399,
      0.9720774254135616
    ],
    "ler_no_recalibration": [
      0.0525,
      0.0545,
      0.049,
      0.0505,
      0.0575,
      0.051,
      0.049,
      0.0495,
      0.0555,
      0.053,
      0.069,
      0.0675,
      0.073,
      0.07,
      0.069,
      0.065,
      0.059,
      0.065,
      0.0655,
      0.075
    ],
    "ler_with_auto_recalibration": [
      0.0525,
      0.0545,
      0.049,
      0.0505,
      0.0575,
      0.051,
      0.049,
      0.0495,
      0.0555,
      0.053,
      0.0485,
      0.051,
      0.0585,
      0.054,
      0.0505,
      0.0475,
      0.0435,
      0.0435,
      0.041,
      0.059
    ],
    "recalibration_events": [
      5500
    ]
  },
  "analysis": {
    "correlation_true_vs_est": 0.9981428939048625,
    "pre_drift_mean_dD_true": 0.0,
    "pre_drift_mean_dD_est": 0.1665153252014659,
    "post_drift_mean_dD_true": 1.1698316967368447,
    "post_drift_mean_dD_est": 1.0292555001527226,
    "pre_drift_ler_stale": 0.0522,
    "pre_drift_ler_auto": 0.0522,
    "post_drift_ler_stale": 0.0678,
    "post_drift_ler_auto": 0.0497,
    "post_drift_improvement_pct": 26.696165191740413,
    "runtime_seconds": 0.8986241817474365
  },
  "packages": {
    "stim": "1.15.0",
    "pymatching": "2.3.1"
  }
}