{
  "mwpm": 0.0027,
  "sizes": [
    100,
    300,
    500,
    1000,
    3000,
    5000,
    10000,
    30000,
    50000
  ],
  "no_tau": [
    0.1483,
    0.11419999999999997,
    0.1078,
    0.10099999999999998,
    0.09740000000000004,
    0.08730000000000004,
    0.07330000000000003,
    0.07169999999999999,
    0.07240000000000002
  ],
  "tau": [
    0.0027000000000000357,
    0.007600000000000051,
    0.010499999999999954,
    0.010099999999999998,
    0.0029000000000000137,
    0.0029000000000000137,
    0.0029000000000000137,
    0.0036000000000000476,
    0.0030999999999999917
  ]
}