{
  "mwpm": 0.0019,
  "sizes": [
    100,
    500,
    1000,
    5000,
    10000,
    50000
  ],
  "raw": [
    0.1381,
    0.10829999999999995,
    0.09140000000000004,
    0.07830000000000004,
    0.07120000000000004,
    0.0686
  ],
  "tau_only": [
    0.13380000000000003,
    0.11160000000000003,
    0.09389999999999998,
    0.07640000000000002,
    0.06889999999999996,
    0.06289999999999996
  ],
  "tau_cheat": [
    0.0022999999999999687,
    0.006000000000000005,
    0.0019000000000000128,
    0.0018000000000000238,
    0.0022999999999999687,
    0.0022999999999999687
  ]
}